,SVM-l1,LR-l1
Age 0-30,0.547,0.16
Age 30-50,0.654,0.288
Ventilator No,0.633,0.294
Ventilator Non Invasive,0.71,0.414
Region_South,0.816,0.534
Hospital Private,0.826,0.571
Schooling Superior,0.84,0.576
Other Symptoms ,0.859,0.652
Cough ,0.864,0.674
Region_Midwest,0.901,0.728
Fever ,0.898,0.745
Asthma ,0.912,0.752
Antiviral Use ,0.914,0.777
Diarrhea ,0.937,0.842
Schooling Medium 1-3,0.952,0.876
Gender_F,0.962,0.895
Throat ,0.96,0.898
Postpartum ,0.938,0.932
Vomiting ,0.982,0.945
Xray Thorax Result Consolidation,0.995,0.996
Region_Southeast,0.999,1.0
Race White,1.015,1.014
Acute Respiratory Distress Syndrome ,1.013,1.032
Diabetes ,1.054,1.174
Dyspnea ,1.06,1.174
Race Yellow,1.045,1.189
Cardiovascular Disease ,1.066,1.196
Schooling Elem 1-5,1.09,1.268
Other Risks ,1.093,1.281
Respiratory Discomfort ,1.096,1.288
Race Indigenous,1.124,1.328
Hospital Public,1.111,1.337
Hematologic Disease ,1.087,1.341
Down Syndrome ,1.117,1.439
SpO2 less 95% ,1.139,1.445
Another Chronic Pneumopathy ,1.15,1.5
Contracted At Hospital ,1.179,1.589
Schooling No Education,1.238,1.659
Immunosuppression ,1.182,1.67
Liver Chronic Disease ,1.233,1.766
Renal Chronic Disease ,1.255,1.842
Region_North,1.298,2.032
ICU ,1.302,2.087
Region_Northeast,1.329,2.162
Neurological Disease ,1.383,2.363
Ventilator Invasive,1.558,3.524
