,SVM-l1,LR-l1
Cough ,0.877,0.664
Region_South,0.906,0.705
Throat ,0.903,0.705
Age 0-30,0.927,0.732
Diarrhea ,0.921,0.743
Region_Southeast,0.914,0.762
Schooling Superior,0.954,0.809
Gender_F,0.954,0.855
Vomiting ,0.957,0.87
Schooling Medium 1-3,0.966,0.877
Other Symptoms ,0.961,0.88
Fever ,0.959,0.884
Race White,0.985,0.96
Region_Midwest,1.004,1.03
Neurological Disease ,1.012,1.045
Hospital Private,1.024,1.08
Hospital Public,1.053,1.146
Hematologic Disease ,1.06,1.15
Acute Respiratory Distress Syndrome ,1.064,1.195
Region_Northeast,1.066,1.209
Immunosuppression ,1.07,1.219
Diabetes ,1.086,1.268
Cardiovascular Disease ,1.084,1.285
Contracted At Hospital ,1.083,1.293
Another Chronic Pneumopathy ,1.112,1.313
Antiviral Use ,1.094,1.334
Other Risks ,1.106,1.362
Respiratory Discomfort ,1.104,1.382
Liver Chronic Disease ,1.144,1.398
Renal Chronic Disease ,1.131,1.41
Dyspnea ,1.105,1.43
Xray Thorax Result Consolidation,1.142,1.482
Obesity ,1.207,1.665
SpO2 less 95% ,1.224,1.982
